Order of Importance,Feature,Mean Absolute SHAP Importance,Ant Corr,Ant Sign,Ag Corr,Ag Sign
0,207/OG - /1/O Polar,0.28551844,0.8574470770984697,Pos,0.9762966000777815,Pos
1,113/OD2 - /1/N Ionic,0.24085973,-0.9039689068841957,Neg,-0.8347056928636127,Neg
2,305/CG - /1/C Hydrophobic,0.23592779,0.8639598277360342,Pos,0.8764016430290034,Pos
3,290/CZ - /1/C Aromatic,0.21932963,0.8169945089181008,Pos,0.9057947205671443,Pos
4,109/CH2 - /1/C Hydrophobic,0.20245229,0.7933068304284319,Pos,0.8319928222470873,Pos
5,109/CH2 - /1/C Aromatic,0.1866449,0.7917770133424847,Pos,0.7714723376912983,Pos
6,193/CE2 - /1/C Aromatic,0.1774758,0.8858012801764206,Pos,0.8921100828725621,Pos
7,113/OD2 - /1/O Polar,0.16982113,-0.9031214580330864,Neg,-0.7377049481710902,Neg
8,296/CE1 - /1/C Aromatic,0.16160819,0.8748836969418686,Pos,0.9401934516546636,Pos
9,113/OD1 - /1/O Polar,0.15705991,0.40236225659068614,Pos,0.887982631656708,Pos
10,93/CE1 - /1/C Aromatic,0.14132796,0.8061315260032776,Pos,0.9020755660426609,Pos
11,296/NE2 - /1/C Aromatic,0.13983606,0.9226091992313099,Pos,0.9450908459206502,Pos
12,109/CZ3 - /1/C Hydrophobic,0.13125008,0.5549233399269292,Pos,0.6672779241120036,Pos
13,192/CB - /1/C Hydrophobic,0.12179288,0.5987637415963609,Pos,0.8260093629336559,Pos
14,193/CG - /1/C Hydrophobic,0.116505474,0.755132274926686,Pos,0.705721512407234,Pos
15,305/CD - /1/C Hydrophobic,0.11372033,0.7930206688779838,Pos,0.8394018800191027,Pos
16,309/CD1 - /1/C Hydrophobic,0.11305934,0.5700771981217229,Pos,0.6231373155780321,Pos
17,289/CZ - /1/C Aromatic,0.11101904,0.7538819237446511,Pos,0.7970361026367253,Pos
18,93/ND1 - /1/C Aromatic,0.11101025,0.8495853211337849,Pos,0.896314803278934,Pos
19,193/CB - /1/C Hydrophobic,0.11078027,0.8192683748929463,Pos,0.7472624428342436,Pos
20,313/NE1 - /1/C Aromatic,0.106698126,0.7459130108089645,Pos,0.8801724570787423,Pos
21,308/CE2 - /1/C Aromatic,0.10631196,0.6500914847646685,Pos,0.6072042630033487,Pos
22,203/OG - /1/O Polar,0.10602968,-0.035410374202747265,Neg,0.618800906533159,Pos
23,309/CG1 - /1/C Hydrophobic,0.10331273,0.6175406191631653,Pos,0.7063726959200445,Pos
24,117/CG2 - /1/C Hydrophobic,0.10298202,0.5766294107341725,Pos,0.7429746743409977,Pos
25,308/CD2 - /1/C Aromatic,0.102754824,0.741937327023449,Pos,0.7346927716925,Pos
26,296/CD2 - /1/C Aromatic,0.09915674,0.901607828556151,Pos,0.9527814851044571,Pos
27,289/CE2 - /1/C Aromatic,0.09516684,0.2564713739470758,Pos,0.4458350721109851,Pos
28,312/ND2 - /1/O Polar,0.093555585,0.20396600908863294,Pos,0.7709960296279109,Pos
29,312/OD1 - /1/O Polar,0.09039222,-0.6239141622836872,Neg,0.22805616025809974,Pos
30,204/OG - /1/O Polar,0.08586029,0.15605579136394324,Pos,0.6995143018678525,Pos
31,290/CE1 - /1/C Hydrophobic,0.08511634,0.05417543618232782,Pos,0.10561123204482542,Pos
32,114/CG2 - /1/C Hydrophobic,0.08506718,0.7540152018256955,Pos,0.7344068481557173,Pos
33,110/CG2 - /1/C Hydrophobic,0.084312156,0.7168219891291596,Pos,0.6905859580142285,Pos
34,289/CZ - /1/C Hydrophobic,0.083375275,0.617266084142093,Pos,0.5715786126612158,Pos
35,109/CZ3 - /1/C Aromatic,0.08041436,-0.7416826488771504,Neg,-0.5887212601531429,Neg
36,290/CE2 - /1/C Hydrophobic,0.07894826,-0.8433810265775481,Neg,-0.7100342988515919,Neg
37,113/CB - /1/C Hydrophobic,0.07794513,0.20516822887723601,Pos,0.5273689655397151,Pos
38,199/CE2 - /1/C Hydrophobic,0.07702521,-0.6187719774944954,Neg,0.2346765674567266,Pos
39,290/CE1 - /1/C Aromatic,0.076597564,0.48666998963373687,Pos,0.7634387052688026,Pos
40,309/CB - /1/C Hydrophobic,0.07508634,0.09265105646186265,Pos,0.7948210611356274,Pos
41,293/ND2 - /1/O Polar,0.07232001,-0.7199092548833866,Neg,-0.0720231115591727,Neg
42,308/CE1 - /1/C Hydrophobic,0.07229256,-0.05926207185498224,Neg,0.369671907690987,Pos
43,193/CG - /1/C Aromatic,0.07216174,0.4965131958158573,Pos,0.7178329572094067,Pos
44,312/OD1 - /1/N Polar,0.071141414,-0.8047970241651863,Neg,-0.5098959603890907,Neg
45,114/CG1 - /1/C Hydrophobic,0.07113263,0.3128035160779705,Pos,0.5417183590886758,Pos
46,97/CD - /1/C Hydrophobic,0.07066425,0.9082265529942152,Pos,0.95190492836837,Pos
47,309/CG2 - /1/C Hydrophobic,0.07039024,-0.07376864318925183,Neg,0.598843549176613,Pos
48,193/CD1 - /1/C Hydrophobic,0.06966557,-0.24985226813243946,Neg,-0.2636918176108954,Neg
49,194/CD1 - /1/C Hydrophobic,0.069070324,0.2718154332052278,Pos,0.6349179631363158,Pos
50,305/CB - /1/C Hydrophobic,0.06887505,0.4227586221857135,Pos,0.6765507742155145,Pos
51,194/CZ - /1/C Hydrophobic,0.06855082,0.7596834632205919,Pos,0.8481262225717747,Pos
52,308/CD2 - /1/C Hydrophobic,0.0671429,-0.6755208223795711,Neg,-0.5425186838373548,Neg
53,290/CZ - /1/C Hydrophobic,0.06695364,-0.5649022294052508,Neg,-0.5322051085990637,Neg
54,113/OD1 - /1/N Ionic,0.06573067,-0.9177637856136289,Neg,-0.822645520306866,Neg
55,191/O - /1/O Polar,0.06369555,-0.8313914938779766,Neg,0.45840356878695376,Pos
56,193/CD1 - /1/C Aromatic,0.063024715,-0.4984534379166405,Neg,-0.2905785862049974,Neg
57,316/OH - /1/O Polar,0.06301429,-0.7858976691412278,Neg,-0.0005580033198198994,Neg
58,293/CB - /1/C Hydrophobic,0.06281259,0.514477169424537,Pos,0.8769295070786448,Pos
59,193/CZ - /1/C Aromatic,0.06148255,0.47557738096789526,Pos,0.679408897397976,Pos
60,193/CE2 - /1/C Hydrophobic,0.061448257,0.2995614446489929,Pos,-0.044341069392977786,Neg
61,113/OD2 - /1/N Polar,0.06122153,0.49026338639532707,Pos,0.7890085189569757,Pos
62,313/NE1 - /1/O Polar,0.06086751,0.5545174432258523,Pos,0.87671189451456,Pos
63,193/N - /1/O Polar,0.060695153,-0.6535601097101706,Neg,-0.19601842248671764,Neg
64,289/CE2 - /1/C Hydrophobic,0.059728436,0.36376458197609285,Pos,0.47895292511406257,Pos
65,194/CE1 - /1/C Hydrophobic,0.05849077,0.20877454979236987,Pos,0.5912741215031553,Pos
66,109/CZ2 - /1/C Hydrophobic,0.058228873,-0.6528767230502444,Neg,-0.11931541308153586,Neg
67,93/ND1 - /1/O Polar,0.05748592,0.06844360223708258,Pos,0.7788288750513057,Pos
68,308/OH - /1/O Polar,0.057293154,-0.05390291738255194,Neg,0.32325388457016446,Pos
69,193/CD2 - /1/C Hydrophobic,0.057215463,0.5465157723756979,Pos,0.2572929305855106,Pos
70,193/CZ - /1/C Hydrophobic,0.055986058,0.23527351514021816,Pos,0.41818432585011933,Pos
71,193/CE1 - /1/C Aromatic,0.055627387,-0.7219725141213249,Neg,-0.503641137720116,Neg
72,114/CB - /1/C Hydrophobic,0.054924984,0.11848854217174296,Pos,0.33994684226299826,Pos
73,195/OG1 - /1/O Polar,0.053527255,-0.8957993463026264,Neg,-0.7335635819609626,Neg
74,308/CE2 - /1/C Hydrophobic,0.053103358,-0.3213809340722374,Neg,-0.30191733726520387,Neg
75,195/CG2 - /1/C Hydrophobic,0.05201996,0.28963043010076384,Pos,0.7174623051887347,Pos
76,193/CD2 - /1/C Aromatic,0.051766504,0.13059214780554174,Pos,0.43278079040688733,Pos
77,93/CD2 - /1/C Aromatic,0.051748626,0.8928453882056581,Pos,0.9575558412187223,Pos
78,117/CG1 - /1/C Hydrophobic,0.05083126,0.21823603108503684,Pos,0.43444843563681135,Pos
79,312/OD1 - /1/N Hydrogen Bond,0.050309308,0.41597625130554666,Pos,0.8148493192482139,Pos
80,117/CB - /1/C Hydrophobic,0.050194833,0.045683337776583635,Pos,0.3542514287166342,Pos
81,193/N - /1/N Polar,0.049558852,-0.8638884946746851,Neg,-0.2079855431713229,Neg
82,199/CE2 - /1/C Aromatic,0.049167745,0.83518856532513,Pos,0.9478084764863736,Pos
83,200/CB - /1/C Hydrophobic,0.048834417,0.4987435395911581,Pos,0.8115318755565923,Pos
84,312/CB - /1/C Hydrophobic,0.048032332,-0.9070801852759556,Neg,-0.6526423301544269,Neg
85,308/CD1 - /1/C Hydrophobic,0.04687408,0.29733621009097944,Pos,0.7414837024269698,Pos
86,113/OD2 - /1/N Hydrogen Bond,0.04664795,0.3749378097911063,Pos,0.7871016912763339,Pos
87,296/NE2 - /1/O Polar,0.0451352,-0.4920427135357778,Neg,0.5150909861600428,Pos
88,308/OH - /1/N Polar,0.044549912,-0.8286357030142921,Neg,-0.7004695025224591,Neg
89,194/CZ - /1/C Aromatic,0.043923438,0.5832939450692699,Pos,0.837993251640514,Pos
90,193/CE1 - /1/C Hydrophobic,0.04264065,-0.06553336215328971,Neg,0.20040397608447327,Pos
91,94/CG1 - /1/C Hydrophobic,0.04193307,0.09002220792088156,Pos,0.6194418380814928,Pos
92,296/ND1 - /1/C Aromatic,0.040949725,0.32124961290003157,Pos,0.8761284268226256,Pos
93,194/CD1 - /1/C Aromatic,0.040400885,0.8825000708863062,Pos,0.9186236632919997,Pos
94,118/OG1 - /1/O Polar,0.038912173,0.488441610721175,Pos,0.9573857169687024,Pos
95,195/OG1 - /1/N Polar,0.038676903,-0.9296631791696908,Neg,-0.8517607527044498,Neg
96,109/CE3 - /1/C Hydrophobic,0.03783904,0.2828346614990487,Pos,0.8929549262495509,Pos
97,297/CG2 - /1/C Hydrophobic,0.037702907,-0.22360215497911445,Neg,0.4662215372738645,Pos
98,316/CE2 - /1/C Hydrophobic,0.03759225,-0.675505911366022,Neg,0.24474668186828694,Pos
99,199/CD2 - /1/C Hydrophobic,0.036092453,0.382280624540686,Pos,0.7836540714091087,Pos
100,308/CG - /1/C Hydrophobic,0.036087304,-0.46456487974245214,Neg,0.4150447600857055,Pos
101,290/CE2 - /1/C Aromatic,0.035489194,0.5828553344122346,Pos,0.8169503186949562,Pos
102,308/CE1 - /1/C Aromatic,0.03502131,-0.5535168934444559,Neg,-0.08435072176749178,Neg
103,94/CD1 - /1/C Hydrophobic,0.034977227,-0.7337104602396286,Neg,-0.26316695694832304,Neg
104,203/OG - /1/N Polar,0.030913426,0.30685968836190136,Pos,0.9063222886785668,Pos
105,289/CE1 - /1/C Hydrophobic,0.03074706,-0.7319307994513151,Neg,-0.0898307755830121,Neg
106,286/CZ3 - /1/C Hydrophobic,0.02980963,-0.6445303748991769,Neg,0.2994718099150089,Pos
107,289/CD2 - /1/C Hydrophobic,0.029612105,-0.8066771647320302,Neg,-0.6739981878910469,Neg
108,194/CE1 - /1/C Aromatic,0.029227557,-0.15586304495350112,Neg,0.40342246915478935,Pos
109,93/CB - /1/C Hydrophobic,0.029074911,-0.9478532931843825,Neg,-0.8014572803134805,Neg
110,193/O - /1/N Polar,0.027165426,-0.8942195667544136,Neg,-0.6834901138531049,Neg
111,94/CB - /1/C Hydrophobic,0.026845183,0.8014870677628715,Pos,0.9446318669601392,Pos
112,204/OG - /1/N Polar,0.026693873,-0.7526319137861127,Neg,0.2606409017915807,Pos
113,194/CD2 - /1/C Hydrophobic,0.026456103,-0.9630078212589468,Neg,-0.8773692903261265,Neg
114,308/CZ - /1/C Aromatic,0.026203766,-0.09001450629440684,Neg,0.1530996525820578,Pos
115,293/OD1 - /1/N Polar,0.024499273,-0.9148917557719854,Neg,-0.8273022328463651,Neg
116,312/OD1 - /1/O Hydrogen Bond,0.024253331,-0.8459063601911015,Neg,-0.380967588341593,Neg
117,316/OH - /1/N Polar,0.024120683,-0.8444659947522445,Neg,0.08366472158058132,Pos
118,204/N - /1/O Polar,0.023569832,-0.7873484185281774,Neg,-0.29543124990518427,Neg
119,286/CH2 - /1/C Hydrophobic,0.02131134,-0.7385406286976164,Neg,0.013230064090356144,Pos
120,194/CG - /1/C Hydrophobic,0.02052689,-0.8774455895223775,Neg,-0.5473287381294256,Neg
121,192/OD1 - /1/N Polar,0.019146213,-0.9023816215921219,Neg,-0.7312450827444272,Neg
122,203/OG - /1/O Hydrogen Bond,0.018844727,0.769966540542889,Pos,0.9189955291867677,Pos
123,192/OD1 - /1/O Polar,0.018624973,-0.8333533154459047,Neg,0.37725827068565876,Pos
124,308/CG - /1/C Aromatic,0.018159965,0.13689562032573116,Pos,0.8200779816777456,Pos
125,93/NE2 - /1/O Polar,0.015271842,-0.3116081109850509,Neg,0.7749942587456362,Pos
126,296/CB - /1/C Hydrophobic,0.014621214,0.6767574055189138,Pos,0.897215088245215,Pos
127,290/CD2 - /1/C Hydrophobic,0.014004486,-0.6521525802012543,Neg,-0.09006918094863951,Neg
128,308/OH - /1/N Hydrogen Bond,0.011258323,-0.8585228994702064,Neg,-0.6906804447097026,Neg
129,93/CG - /1/C Aromatic,0.010591102,0.41128076751355636,Pos,0.7953369055209278,Pos
130,94/CG2 - /1/C Hydrophobic,0.008018088,0.020084209650016154,Pos,0.7134195141733499,Pos
131,296/CG - /1/C Aromatic,0.0077728294,-0.6883543912395632,Neg,0.28839940768987254,Pos
132,194/CE2 - /1/C Hydrophobic,0.007250114,-0.4207707310500932,Neg,0.19551165693504624,Pos
133,113/OD2 - /1/O Hydrogen Bond,0.0065980027,-0.6949465484612796,Neg,-0.36630694475329884,Neg
134,286/CE3 - /1/C Hydrophobic,0.0058713336,-0.6812572246801644,Neg,-0.5954884109145927,Neg
135,194/CB - /1/C Hydrophobic,0.005493438,-0.6762720497994897,Neg,-0.34069605449362433,Neg
