ID,Prediction,Probability
1318,ANTAGONIST,0.2222222222222222
1319,ANTAGONIST,0.35294117647058826
1320,AGONIST,0.6470588235294118
1321,ANTAGONIST,0.5
1322,AGONIST,1.0
1323,AGONIST,0.64
1324,AGONIST,0.7647058823529411
1325,AGONIST,0.8
1326,AGONIST,0.75
1327,AGONIST,0.7368421052631579
1328,AGONIST,0.8125
1329,AGONIST,0.625
1330,AGONIST,0.6818181818181818
1331,AGONIST,0.75
1332,AGONIST,0.7142857142857143
1333,ANTAGONIST,0.2222222222222222
1334,AGONIST,0.7368421052631579
1335,ANTAGONIST,0.2222222222222222
1336,AGONIST,0.7777777777777778
1337,ANTAGONIST,0.4
1338,AGONIST,1.0
1339,ANTAGONIST,0.4
1340,AGONIST,0.7777777777777778
1341,ANTAGONIST,0.47368421052631576
1342,AGONIST,0.7391304347826086
1343,ANTAGONIST,0.2222222222222222
1344,AGONIST,0.5454545454545454
1345,AGONIST,0.6
1346,AGONIST,0.5714285714285714
1347,AGONIST,0.5384615384615384
1348,ANTAGONIST,0.0
1349,ANTAGONIST,0.3125
1350,AGONIST,0.9166666666666666
1351,AGONIST,0.75
1352,AGONIST,0.6
1353,ANTAGONIST,0.5
1354,AGONIST,1.0
1355,AGONIST,1.0
1356,AGONIST,0.6923076923076923
1358,AGONIST,1.0
1359,ANTAGONIST,0.45454545454545453
1360,AGONIST,0.8888888888888888
1361,AGONIST,0.6666666666666666
1362,AGONIST,0.6153846153846154
1363,ANTAGONIST,0.25
1364,ANTAGONIST,0.23076923076923078
1365,ANTAGONIST,0.46153846153846156
1366,AGONIST,1.0
1367,AGONIST,0.7857142857142857
1368,ANTAGONIST,0.3333333333333333
1370,ANTAGONIST,0.0
1371,AGONIST,0.75
1372,AGONIST,1.0
1373,AGONIST,0.8571428571428571
1374,ANTAGONIST,0.38461538461538464
1375,ANTAGONIST,0.3333333333333333
1376,ANTAGONIST,0.47058823529411764
1377,ANTAGONIST,0.5
1378,AGONIST,0.5555555555555556
1379,AGONIST,1.0
1380,ANTAGONIST,0.42857142857142855
1381,ANTAGONIST,0.3333333333333333
1382,AGONIST,0.6
1383,AGONIST,0.6666666666666666
1384,AGONIST,0.8571428571428571
1385,AGONIST,0.8421052631578947
1386,AGONIST,0.7333333333333333
1387,AGONIST,0.6875
1388,AGONIST,0.8
1389,ANTAGONIST,0.5
1390,ANTAGONIST,0.5
1391,AGONIST,0.6428571428571429
1392,AGONIST,0.7083333333333334
1393,AGONIST,0.7142857142857143
1394,AGONIST,0.9
1395,AGONIST,0.8181818181818182
1396,AGONIST,0.7333333333333333
1397,ANTAGONIST,0.5
1398,AGONIST,0.7
1399,ANTAGONIST,0.45454545454545453
1400,ANTAGONIST,0.35714285714285715
1401,AGONIST,0.6428571428571429
1402,AGONIST,0.6666666666666666
1403,ANTAGONIST,0.42857142857142855
1404,ANTAGONIST,0.16666666666666666
1405,ANTAGONIST,0.36363636363636365
1406,ANTAGONIST,0.5
1407,AGONIST,0.5555555555555556
1408,ANTAGONIST,0.5
1409,ANTAGONIST,0.3333333333333333
1410,AGONIST,0.9166666666666666
1411,AGONIST,0.6666666666666666
1412,AGONIST,0.7142857142857143
1413,ANTAGONIST,0.42857142857142855
1414,AGONIST,1.0
1415,ANTAGONIST,0.5
1417,AGONIST,0.6923076923076923
1418,AGONIST,0.75
1419,AGONIST,0.6923076923076923
1420,ANTAGONIST,0.5
1421,AGONIST,1.0
1423,AGONIST,0.7692307692307693
1424,AGONIST,0.7777777777777778
1425,AGONIST,0.9
1426,AGONIST,0.6666666666666666
1427,AGONIST,0.7
1428,AGONIST,0.8571428571428571
1429,AGONIST,1.0
1430,AGONIST,0.6666666666666666
1431,AGONIST,0.7142857142857143
1432,AGONIST,0.7777777777777778
1433,AGONIST,1.0
1434,ANTAGONIST,0.5
1435,ANTAGONIST,0.5
1436,AGONIST,0.7857142857142857
1437,AGONIST,1.0
1438,AGONIST,0.8
1439,AGONIST,0.8235294117647058
1440,AGONIST,0.8571428571428571
1441,ANTAGONIST,0.5
1442,ANTAGONIST,0.36363636363636365
1443,AGONIST,0.8235294117647058
1444,ANTAGONIST,0.4117647058823529
1445,ANTAGONIST,0.4
1446,AGONIST,0.5882352941176471
1447,AGONIST,0.75
1448,AGONIST,0.5416666666666666
1449,AGONIST,0.8
1450,AGONIST,0.6923076923076923
1451,AGONIST,0.7142857142857143
1452,AGONIST,0.6
1453,ANTAGONIST,0.21428571428571427
1454,ANTAGONIST,0.5
1455,ANTAGONIST,0.47368421052631576
1456,AGONIST,1.0
1457,AGONIST,1.0
1458,ANTAGONIST,0.16666666666666666
1459,ANTAGONIST,0.3684210526315789
1460,AGONIST,0.9
1461,AGONIST,0.7272727272727273
1462,ANTAGONIST,0.45454545454545453
1463,AGONIST,0.6666666666666666
1464,AGONIST,0.5263157894736842
1465,ANTAGONIST,0.4782608695652174
1466,ANTAGONIST,0.34782608695652173
1467,AGONIST,0.6428571428571429
1468,AGONIST,0.5714285714285714
1469,ANTAGONIST,0.0
1470,AGONIST,0.6842105263157895
1471,ANTAGONIST,0.47058823529411764
1472,ANTAGONIST,0.3333333333333333
1473,AGONIST,1.0
1474,AGONIST,1.0
1475,AGONIST,1.0
1476,AGONIST,1.0
1477,ANTAGONIST,0.3333333333333333
1478,ANTAGONIST,0.42857142857142855
1479,ANTAGONIST,0.3333333333333333
1480,ANTAGONIST,0.3333333333333333
1481,AGONIST,1.0
1482,AGONIST,1.0
1485,AGONIST,1.0
1486,AGONIST,1.0
1487,ANTAGONIST,0.2
1488,AGONIST,1.0
1489,AGONIST,0.6666666666666666
1490,AGONIST,0.8888888888888888
1491,ANTAGONIST,0.0
1492,ANTAGONIST,0.3125
1493,ANTAGONIST,0.4
1494,ANTAGONIST,0.375
1495,AGONIST,0.6153846153846154
1496,AGONIST,0.5789473684210527
1497,ANTAGONIST,0.1111111111111111
1498,AGONIST,0.6666666666666666
1499,AGONIST,0.8333333333333334
1500,AGONIST,0.8888888888888888
1501,AGONIST,0.6666666666666666
1502,AGONIST,0.8947368421052632
1503,AGONIST,0.9090909090909091
1504,AGONIST,0.9375
1505,AGONIST,1.0
1506,ANTAGONIST,0.35294117647058826
1507,AGONIST,0.875
1508,AGONIST,0.8571428571428571
1509,AGONIST,0.875
1510,ANTAGONIST,0.4117647058823529
1511,AGONIST,0.6666666666666666
1512,AGONIST,0.7777777777777778
1513,AGONIST,0.9
1514,AGONIST,0.6363636363636364
1515,AGONIST,1.0
1516,AGONIST,1.0
1517,AGONIST,0.6428571428571429
1518,AGONIST,0.625
1519,AGONIST,0.6666666666666666
1520,AGONIST,0.75
1521,AGONIST,0.7
1522,AGONIST,1.0
1523,AGONIST,1.0
1525,AGONIST,0.6363636363636364
1526,AGONIST,0.7857142857142857
1528,AGONIST,0.6363636363636364
1529,AGONIST,0.6
1530,AGONIST,0.8333333333333334
1531,AGONIST,0.8
1532,AGONIST,0.8
1534,AGONIST,0.8571428571428571
1536,AGONIST,0.6
1537,ANTAGONIST,0.5
1538,AGONIST,1.0
1539,AGONIST,0.8
1540,AGONIST,1.0
1541,AGONIST,0.7
1542,ANTAGONIST,0.375
1543,AGONIST,0.8181818181818182
1544,AGONIST,0.6428571428571429
1545,AGONIST,0.6923076923076923
1546,AGONIST,0.5833333333333334
1547,AGONIST,0.8461538461538461
1548,AGONIST,0.8461538461538461
1549,AGONIST,0.5454545454545454
1550,ANTAGONIST,0.4666666666666667
1551,AGONIST,0.5454545454545454
1552,AGONIST,0.8181818181818182
1553,ANTAGONIST,0.5
1554,AGONIST,0.8461538461538461
1555,ANTAGONIST,0.36363636363636365
1556,AGONIST,0.6666666666666666
1557,AGONIST,0.7272727272727273
1558,AGONIST,0.9333333333333333
1559,AGONIST,1.0
1560,ANTAGONIST,0.45454545454545453
1561,AGONIST,0.7692307692307693
1562,AGONIST,0.6428571428571429
1563,AGONIST,0.7
1564,AGONIST,0.5384615384615384
1565,AGONIST,0.5454545454545454
1566,AGONIST,0.5833333333333334
1567,AGONIST,0.9333333333333333
1568,AGONIST,0.7142857142857143
1569,AGONIST,0.7
1570,AGONIST,0.7692307692307693
1571,AGONIST,0.7142857142857143
1572,AGONIST,0.8
1573,AGONIST,0.6428571428571429
1574,AGONIST,0.7
1575,AGONIST,0.8333333333333334
1576,ANTAGONIST,0.5
1577,AGONIST,0.9090909090909091
1578,AGONIST,0.6428571428571429
1579,AGONIST,0.6363636363636364
1580,AGONIST,0.8461538461538461
1581,AGONIST,0.6666666666666666
1582,ANTAGONIST,0.4444444444444444
1583,AGONIST,0.6818181818181818
1584,AGONIST,0.75
1585,AGONIST,0.7272727272727273
1586,AGONIST,1.0
1587,ANTAGONIST,0.5
1588,AGONIST,0.5454545454545454
1589,AGONIST,1.0
1590,AGONIST,0.7142857142857143
1591,AGONIST,0.6363636363636364
1592,AGONIST,0.6
1593,ANTAGONIST,0.375
1594,AGONIST,0.7272727272727273
1595,AGONIST,1.0
1596,AGONIST,0.9166666666666666
1597,AGONIST,0.7142857142857143
1598,AGONIST,0.9
1599,AGONIST,0.6
1600,AGONIST,0.75
1601,AGONIST,0.6923076923076923
1602,AGONIST,0.8333333333333334
1603,ANTAGONIST,0.3333333333333333
1604,ANTAGONIST,0.2
1605,AGONIST,0.6666666666666666
1606,AGONIST,0.6
1607,AGONIST,0.7692307692307693
1608,ANTAGONIST,0.14285714285714285
1610,AGONIST,0.9285714285714286
1611,AGONIST,0.8888888888888888
1613,AGONIST,0.8333333333333334
1614,AGONIST,0.75
1615,AGONIST,0.6153846153846154
1616,AGONIST,0.625
1617,ANTAGONIST,0.46153846153846156
1618,AGONIST,0.9230769230769231
1619,AGONIST,0.8888888888888888
1620,AGONIST,0.8125
1621,AGONIST,0.5882352941176471
1622,AGONIST,0.5384615384615384
1623,AGONIST,0.7333333333333333
1624,ANTAGONIST,0.46153846153846156
1625,AGONIST,0.5714285714285714
1626,AGONIST,0.6842105263157895
1627,AGONIST,0.7692307692307693
1628,AGONIST,0.625
1629,AGONIST,0.8
1630,AGONIST,0.7142857142857143
1631,AGONIST,0.6470588235294118
1632,AGONIST,0.5294117647058824
1633,ANTAGONIST,0.45454545454545453
1634,AGONIST,0.6842105263157895
1635,AGONIST,0.6666666666666666
1636,ANTAGONIST,0.23529411764705882
1637,ANTAGONIST,0.2857142857142857
1638,AGONIST,0.7647058823529411
1639,ANTAGONIST,0.3125
1640,ANTAGONIST,0.3
1641,AGONIST,0.6666666666666666
1642,AGONIST,0.6086956521739131
1643,AGONIST,0.8888888888888888
1644,AGONIST,0.75
1645,AGONIST,0.6666666666666666
1646,AGONIST,0.9230769230769231
1647,AGONIST,0.5384615384615384
1648,ANTAGONIST,0.5
1649,AGONIST,0.7142857142857143
1650,AGONIST,0.7333333333333333
1651,AGONIST,0.9375
1652,ANTAGONIST,0.5
1653,AGONIST,0.6
1654,AGONIST,0.6153846153846154
1655,AGONIST,0.7647058823529411
1656,AGONIST,0.7272727272727273
1657,AGONIST,0.8333333333333334
1658,AGONIST,0.8
1659,AGONIST,0.8125
1660,AGONIST,0.7333333333333333
1661,AGONIST,1.0
1662,AGONIST,1.0
1663,AGONIST,0.7142857142857143
1664,AGONIST,0.8461538461538461
1665,AGONIST,0.8571428571428571
1666,AGONIST,0.875
1667,ANTAGONIST,0.4
1668,AGONIST,0.8
1669,AGONIST,0.7272727272727273
1670,AGONIST,0.7647058823529411
1671,AGONIST,0.7142857142857143
1672,AGONIST,0.7222222222222222
1673,AGONIST,0.8333333333333334
1674,AGONIST,0.55
1675,ANTAGONIST,0.35294117647058826
1676,AGONIST,0.6
1677,AGONIST,0.8888888888888888
1678,AGONIST,0.6666666666666666
1679,AGONIST,0.8125
1680,AGONIST,0.6666666666666666
1681,AGONIST,0.7142857142857143
1682,AGONIST,0.7142857142857143
1683,AGONIST,0.6
1684,AGONIST,1.0
1685,AGONIST,0.9230769230769231
1686,AGONIST,0.9285714285714286
1687,AGONIST,0.9
1688,AGONIST,0.9166666666666666
1689,AGONIST,0.95
1690,AGONIST,0.9166666666666666
1691,AGONIST,0.6666666666666666
1692,AGONIST,0.5882352941176471
1693,ANTAGONIST,0.5
1694,AGONIST,0.7272727272727273
1695,AGONIST,0.6666666666666666
1696,ANTAGONIST,0.5
1697,AGONIST,0.7142857142857143
1698,ANTAGONIST,0.5
1699,AGONIST,0.6363636363636364
1700,AGONIST,0.5714285714285714
1701,AGONIST,0.7142857142857143
1702,ANTAGONIST,0.375
1703,AGONIST,0.7777777777777778
1704,AGONIST,0.9090909090909091
1705,AGONIST,0.9
1706,AGONIST,1.0
1707,AGONIST,0.8888888888888888
1708,AGONIST,0.8333333333333334
1709,AGONIST,0.8095238095238095
1710,AGONIST,0.92
1711,AGONIST,0.6111111111111112
1712,AGONIST,0.8095238095238095
1713,AGONIST,0.6111111111111112
1714,AGONIST,0.6363636363636364
1715,AGONIST,0.7222222222222222
1716,AGONIST,0.5333333333333333
1717,ANTAGONIST,0.4782608695652174
1718,AGONIST,0.5384615384615384
1719,AGONIST,0.7777777777777778
1720,AGONIST,0.8235294117647058
1721,ANTAGONIST,0.2
1722,ANTAGONIST,0.2
1723,AGONIST,0.7727272727272727
1724,AGONIST,0.5333333333333333
1725,AGONIST,0.7391304347826086
1726,AGONIST,0.6923076923076923
1727,AGONIST,0.6666666666666666
1728,AGONIST,0.5625
1729,AGONIST,0.5882352941176471
1730,AGONIST,0.9047619047619048
1731,AGONIST,0.6666666666666666
1732,AGONIST,0.65
1733,AGONIST,0.52
1734,AGONIST,1.0
1735,AGONIST,0.6666666666666666
1736,ANTAGONIST,0.3333333333333333
1737,AGONIST,1.0
1738,AGONIST,0.6
1739,AGONIST,0.75
1740,AGONIST,0.5714285714285714
1741,AGONIST,1.0
1742,AGONIST,0.6666666666666666
1743,ANTAGONIST,0.5
1744,ANTAGONIST,0.42857142857142855
1745,AGONIST,0.8888888888888888
1746,AGONIST,1.0
1747,AGONIST,0.8
1748,AGONIST,1.0
1749,AGONIST,1.0
1750,AGONIST,0.8571428571428571
1751,AGONIST,1.0
1752,AGONIST,0.625
1753,ANTAGONIST,0.5
1754,AGONIST,1.0
1755,AGONIST,0.8888888888888888
1756,AGONIST,0.6666666666666666
1757,ANTAGONIST,0.5
1758,ANTAGONIST,0.3333333333333333
1759,AGONIST,1.0
1760,AGONIST,0.6
1761,AGONIST,1.0
1762,ANTAGONIST,0.5
1763,AGONIST,1.0
1764,AGONIST,0.75
1765,ANTAGONIST,0.375
1766,AGONIST,0.8
1767,ANTAGONIST,0.5
1768,AGONIST,0.8181818181818182
1769,AGONIST,0.7222222222222222
1770,ANTAGONIST,0.4
1771,AGONIST,0.8333333333333334
1772,AGONIST,0.8
1773,AGONIST,1.0
1774,ANTAGONIST,0.42857142857142855
1775,AGONIST,1.0
1776,AGONIST,0.5714285714285714
1777,AGONIST,0.75
1778,AGONIST,0.8571428571428571
1779,AGONIST,0.7142857142857143
1780,AGONIST,0.7647058823529411
1781,AGONIST,1.0
1782,ANTAGONIST,0.25
1783,AGONIST,0.8181818181818182
1784,AGONIST,0.875
1785,AGONIST,0.875
1786,AGONIST,0.8235294117647058
1787,AGONIST,0.7692307692307693
1788,AGONIST,0.7142857142857143
1789,AGONIST,0.9333333333333333
1790,AGONIST,0.7368421052631579
1791,AGONIST,0.75
1792,AGONIST,0.8888888888888888
1793,AGONIST,0.875
1794,AGONIST,0.7647058823529411
1795,AGONIST,0.6842105263157895
1796,AGONIST,0.8235294117647058
1797,AGONIST,0.6666666666666666
1798,AGONIST,0.7647058823529411
1799,AGONIST,0.7142857142857143
1800,AGONIST,0.9375
1801,AGONIST,0.8888888888888888
1802,AGONIST,0.6666666666666666
1803,AGONIST,0.7058823529411765
1804,AGONIST,0.8571428571428571
1805,AGONIST,1.0
1806,AGONIST,0.8888888888888888
1807,AGONIST,0.7692307692307693
1808,AGONIST,0.7857142857142857
1809,AGONIST,0.9230769230769231
1810,AGONIST,0.6666666666666666
1811,AGONIST,0.5384615384615384
1812,AGONIST,0.6363636363636364
1813,AGONIST,0.9090909090909091
1814,AGONIST,0.6153846153846154
1815,AGONIST,0.9285714285714286
1816,AGONIST,0.8666666666666667
1817,AGONIST,0.8571428571428571
1818,AGONIST,0.7647058823529411
1819,AGONIST,0.8888888888888888
1820,AGONIST,0.7857142857142857
1821,AGONIST,0.7894736842105263
1822,AGONIST,0.6153846153846154
1823,AGONIST,0.9230769230769231
1824,AGONIST,0.6153846153846154
1825,ANTAGONIST,0.4
1826,AGONIST,0.9090909090909091
1827,AGONIST,0.7272727272727273
1828,AGONIST,0.7142857142857143
1829,ANTAGONIST,0.5
1830,AGONIST,0.6666666666666666
1831,AGONIST,0.7142857142857143
1832,AGONIST,0.8
1833,AGONIST,0.6
1834,AGONIST,0.8
1835,AGONIST,0.6
1836,ANTAGONIST,0.375
1837,AGONIST,0.8333333333333334
1838,AGONIST,0.7
1839,AGONIST,0.6
1840,AGONIST,0.8333333333333334
1841,AGONIST,0.6
1842,AGONIST,0.6923076923076923
1843,AGONIST,0.6363636363636364
1844,AGONIST,0.6
1845,AGONIST,0.7142857142857143
1846,AGONIST,0.7142857142857143
1847,ANTAGONIST,0.38461538461538464
1848,AGONIST,0.6666666666666666
1849,AGONIST,0.7142857142857143
1850,AGONIST,0.5238095238095238
1851,AGONIST,0.8
1852,ANTAGONIST,0.3
1853,AGONIST,1.0
1854,AGONIST,1.0
1855,ANTAGONIST,0.3333333333333333
1856,AGONIST,0.5714285714285714
1857,AGONIST,1.0
1858,ANTAGONIST,0.4
1859,AGONIST,1.0
1860,AGONIST,0.8571428571428571
1861,AGONIST,1.0
1862,ANTAGONIST,0.0
1863,AGONIST,1.0
1864,AGONIST,1.0
1865,AGONIST,1.0
1866,AGONIST,0.875
1867,AGONIST,0.8333333333333334
1868,AGONIST,1.0
1869,AGONIST,0.75
1870,AGONIST,0.75
1871,AGONIST,0.75
1872,AGONIST,0.5714285714285714
1873,AGONIST,0.7777777777777778
1874,AGONIST,0.6666666666666666
1875,AGONIST,1.0
1876,AGONIST,0.8181818181818182
1877,AGONIST,0.8
1878,AGONIST,0.6
1879,AGONIST,0.8888888888888888
1880,AGONIST,0.75
1881,AGONIST,0.5555555555555556
1882,ANTAGONIST,0.3076923076923077
1883,AGONIST,0.8181818181818182
1884,ANTAGONIST,0.5
1885,ANTAGONIST,0.16666666666666666
1886,ANTAGONIST,0.11764705882352941
1887,AGONIST,1.0
1888,ANTAGONIST,0.25
1889,AGONIST,0.8333333333333334
1890,AGONIST,0.8
1891,AGONIST,1.0
1892,AGONIST,0.8
1893,AGONIST,0.8333333333333334
1894,ANTAGONIST,0.4166666666666667
1895,AGONIST,0.8333333333333334
1896,AGONIST,1.0
1897,AGONIST,0.7058823529411765
1898,AGONIST,0.6153846153846154
1899,ANTAGONIST,0.5
1900,ANTAGONIST,0.45454545454545453
1901,AGONIST,0.6111111111111112
1902,AGONIST,0.8421052631578947
1903,AGONIST,0.7333333333333333
1904,ANTAGONIST,0.45454545454545453
1905,ANTAGONIST,0.2777777777777778
1906,ANTAGONIST,0.45454545454545453
1907,AGONIST,0.8
1908,AGONIST,0.7142857142857143
1909,ANTAGONIST,0.3333333333333333
1910,AGONIST,0.7142857142857143
1911,ANTAGONIST,0.5
1912,AGONIST,0.75
1913,AGONIST,0.6428571428571429
1914,AGONIST,0.6666666666666666
1915,AGONIST,0.5714285714285714
1916,AGONIST,0.6363636363636364
1917,AGONIST,0.6153846153846154
1918,AGONIST,0.6428571428571429
1919,AGONIST,0.75
1920,AGONIST,0.7272727272727273
1921,AGONIST,0.8
1922,AGONIST,0.6923076923076923
1923,AGONIST,0.5714285714285714
1924,AGONIST,0.625
1925,AGONIST,1.0
1926,ANTAGONIST,0.3
1927,AGONIST,0.875
1928,ANTAGONIST,0.5
1929,AGONIST,0.6666666666666666
1930,AGONIST,0.9444444444444444
1931,AGONIST,1.0
1932,AGONIST,0.5714285714285714
1933,AGONIST,1.0
1934,AGONIST,0.7272727272727273
1935,AGONIST,0.75
1936,AGONIST,0.6666666666666666
1937,AGONIST,0.8571428571428571
1938,ANTAGONIST,0.5
1939,ANTAGONIST,0.375
1940,AGONIST,0.75
1941,AGONIST,1.0
1942,AGONIST,0.75
1943,AGONIST,0.5454545454545454
1944,AGONIST,0.6666666666666666
1945,AGONIST,0.875
1946,AGONIST,0.8333333333333334
1947,AGONIST,0.8461538461538461
1948,AGONIST,0.7142857142857143
1949,AGONIST,0.6923076923076923
1950,AGONIST,0.7647058823529411
1951,ANTAGONIST,0.3333333333333333
1952,ANTAGONIST,0.5
1953,AGONIST,0.5454545454545454
1954,AGONIST,0.6428571428571429
1955,AGONIST,1.0
1956,AGONIST,0.6666666666666666
1957,AGONIST,0.8571428571428571
1958,AGONIST,0.9
1959,AGONIST,0.875
1961,AGONIST,0.6666666666666666
1962,AGONIST,0.6111111111111112
1963,AGONIST,0.5714285714285714
1964,AGONIST,0.5263157894736842
1965,AGONIST,0.8
1966,AGONIST,0.6666666666666666
1967,ANTAGONIST,0.45454545454545453
1968,ANTAGONIST,0.4166666666666667
1969,ANTAGONIST,0.3888888888888889
1970,AGONIST,0.9166666666666666
1971,AGONIST,0.631578947368421
1972,ANTAGONIST,0.46153846153846156
1973,AGONIST,0.5882352941176471
1974,AGONIST,0.7727272727272727
1975,AGONIST,0.7333333333333333
1976,AGONIST,0.6666666666666666
1977,AGONIST,0.75
1978,AGONIST,1.0
1979,AGONIST,0.9230769230769231
1980,AGONIST,0.625
1981,AGONIST,0.6666666666666666
1982,AGONIST,0.8666666666666667
1983,AGONIST,0.631578947368421
1984,AGONIST,0.5454545454545454
1985,ANTAGONIST,0.4375
1986,AGONIST,0.8181818181818182
1987,AGONIST,1.0
1988,AGONIST,1.0
1990,AGONIST,0.5909090909090909
1991,ANTAGONIST,0.21052631578947367
1992,ANTAGONIST,0.5
1993,ANTAGONIST,0.5
1994,AGONIST,1.0
1995,ANTAGONIST,0.42857142857142855
1996,AGONIST,0.7777777777777778
1997,ANTAGONIST,0.5
1998,ANTAGONIST,0.4
1999,AGONIST,0.5714285714285714
2000,AGONIST,0.875
2001,ANTAGONIST,0.4117647058823529
2002,AGONIST,0.8888888888888888
2003,AGONIST,1.0
2004,AGONIST,1.0
2005,AGONIST,1.0
2006,AGONIST,0.8
2007,ANTAGONIST,0.5
2008,AGONIST,1.0
2009,AGONIST,1.0
2010,AGONIST,1.0
2011,AGONIST,1.0
2012,AGONIST,1.0
2013,AGONIST,1.0
2014,AGONIST,1.0
2015,ANTAGONIST,0.3333333333333333
2016,ANTAGONIST,0.3333333333333333
2017,AGONIST,1.0
2018,ANTAGONIST,0.5
2019,AGONIST,1.0
2021,AGONIST,1.0
2022,AGONIST,0.5714285714285714
2023,AGONIST,0.8
2024,AGONIST,0.5714285714285714
2025,ANTAGONIST,0.5
2026,ANTAGONIST,0.3333333333333333
2027,AGONIST,0.6
2028,AGONIST,0.5555555555555556
2029,AGONIST,0.5555555555555556
2030,AGONIST,0.7777777777777778
2031,AGONIST,0.6
2032,AGONIST,0.8888888888888888
2033,ANTAGONIST,0.3333333333333333
2034,ANTAGONIST,0.2857142857142857
2035,ANTAGONIST,0.0
2036,AGONIST,0.5454545454545454
2037,AGONIST,0.5454545454545454
2038,AGONIST,1.0
2040,ANTAGONIST,0.42857142857142855
2041,AGONIST,0.6666666666666666
2042,AGONIST,0.75
2043,ANTAGONIST,0.2
2044,AGONIST,1.0
2045,ANTAGONIST,0.2857142857142857
2046,AGONIST,0.6153846153846154
2047,AGONIST,0.7272727272727273
2048,ANTAGONIST,0.5
2049,AGONIST,0.6153846153846154
2050,AGONIST,0.6363636363636364
2051,AGONIST,0.5454545454545454
2052,ANTAGONIST,0.35714285714285715
2053,ANTAGONIST,0.25
2054,ANTAGONIST,0.25
2055,AGONIST,0.5714285714285714
2056,AGONIST,0.5714285714285714
2057,AGONIST,0.5833333333333334
2058,ANTAGONIST,0.4444444444444444
2059,AGONIST,0.75
2060,AGONIST,0.5714285714285714
2061,AGONIST,0.8
2062,AGONIST,0.625
2063,ANTAGONIST,0.5
2064,ANTAGONIST,0.42857142857142855
2065,AGONIST,0.6666666666666666
2066,ANTAGONIST,0.25
2067,AGONIST,0.6
2068,ANTAGONIST,0.5
2069,ANTAGONIST,0.4166666666666667
2070,AGONIST,0.6666666666666666
2071,ANTAGONIST,0.2727272727272727
2072,AGONIST,0.8461538461538461
2073,AGONIST,0.625
2074,AGONIST,0.6666666666666666
2075,ANTAGONIST,0.25
2076,AGONIST,0.5714285714285714
2077,AGONIST,0.8
2078,AGONIST,0.8571428571428571
2079,ANTAGONIST,0.25
2080,ANTAGONIST,0.5
2081,ANTAGONIST,0.16666666666666666
2082,ANTAGONIST,0.25
2083,AGONIST,0.5833333333333334
2084,AGONIST,0.7777777777777778
2085,ANTAGONIST,0.42857142857142855
2086,ANTAGONIST,0.5
2087,ANTAGONIST,0.5
2088,AGONIST,0.5789473684210527
2089,AGONIST,0.5833333333333334
2090,AGONIST,0.6153846153846154
2091,AGONIST,0.5882352941176471
2092,ANTAGONIST,0.4782608695652174
2093,AGONIST,0.75
2094,AGONIST,0.7222222222222222
2095,AGONIST,0.8
2096,AGONIST,0.9166666666666666
2097,AGONIST,0.55
2098,AGONIST,0.631578947368421
2099,AGONIST,0.7647058823529411
2100,ANTAGONIST,0.5
2101,AGONIST,0.5789473684210527
2102,ANTAGONIST,0.4
2103,ANTAGONIST,0.47368421052631576
2104,AGONIST,0.7777777777777778
2105,ANTAGONIST,0.5
2106,AGONIST,0.5333333333333333
2107,AGONIST,0.8
2108,AGONIST,0.7142857142857143
2109,AGONIST,0.7222222222222222
2110,AGONIST,0.75
2111,AGONIST,0.8571428571428571
2112,ANTAGONIST,0.5
2113,AGONIST,0.7
2114,ANTAGONIST,0.3076923076923077
2115,AGONIST,0.8
2116,ANTAGONIST,0.42857142857142855
2117,AGONIST,0.75
2118,AGONIST,0.5263157894736842
2119,AGONIST,0.75
2120,AGONIST,0.7777777777777778
2121,AGONIST,0.6666666666666666
2122,AGONIST,0.7894736842105263
2123,AGONIST,0.5909090909090909
2124,AGONIST,0.6
2125,AGONIST,0.7142857142857143
2126,ANTAGONIST,0.42857142857142855
2127,ANTAGONIST,0.5
2128,AGONIST,1.0
2129,AGONIST,0.5454545454545454
2130,ANTAGONIST,0.4444444444444444
2131,AGONIST,0.75
2132,AGONIST,0.875
2133,ANTAGONIST,0.4444444444444444
2134,AGONIST,0.875
2135,AGONIST,1.0
2136,AGONIST,1.0
2137,AGONIST,1.0
2138,ANTAGONIST,0.375
2139,AGONIST,0.8
2140,AGONIST,0.8888888888888888
2141,AGONIST,0.875
2142,AGONIST,1.0
2143,AGONIST,1.0
2144,AGONIST,1.0
2145,AGONIST,0.9
2146,AGONIST,1.0
2147,AGONIST,1.0
2148,AGONIST,1.0
2149,AGONIST,1.0
2150,AGONIST,0.7
2151,AGONIST,0.8181818181818182
2152,AGONIST,0.9
2153,AGONIST,1.0
2154,AGONIST,1.0
2155,AGONIST,1.0
2156,AGONIST,0.8333333333333334
2157,AGONIST,0.9
2158,AGONIST,1.0
2159,AGONIST,1.0
2160,AGONIST,1.0
2161,AGONIST,1.0
2163,AGONIST,0.6666666666666666
2164,ANTAGONIST,0.3157894736842105
2165,ANTAGONIST,0.23076923076923078
2166,ANTAGONIST,0.2727272727272727
2167,ANTAGONIST,0.17647058823529413
2168,AGONIST,1.0
2169,AGONIST,1.0
2170,ANTAGONIST,0.5
2171,ANTAGONIST,0.2857142857142857
2172,ANTAGONIST,0.2857142857142857
2173,ANTAGONIST,0.375
2174,AGONIST,0.7272727272727273
2175,AGONIST,0.7857142857142857
2176,AGONIST,0.6
2177,ANTAGONIST,0.3125
2178,AGONIST,1.0
2179,AGONIST,0.8571428571428571
2180,AGONIST,0.9285714285714286
2181,AGONIST,0.5714285714285714
2182,AGONIST,1.0
2183,AGONIST,0.7142857142857143
2184,AGONIST,0.7142857142857143
2185,AGONIST,0.7142857142857143
2186,AGONIST,0.7272727272727273
2187,AGONIST,0.8333333333333334
2188,AGONIST,0.5555555555555556
2189,AGONIST,0.75
2190,AGONIST,0.875
2191,AGONIST,0.6666666666666666
2192,AGONIST,0.6153846153846154
2193,AGONIST,0.6666666666666666
2194,AGONIST,0.9166666666666666
2195,AGONIST,0.75
2196,AGONIST,0.9333333333333333
2197,AGONIST,1.0
2198,AGONIST,0.9333333333333333
2199,AGONIST,0.6666666666666666
2200,AGONIST,1.0
2201,AGONIST,1.0
2202,AGONIST,1.0
2203,ANTAGONIST,0.5
2204,AGONIST,0.6363636363636364
2205,AGONIST,0.5833333333333334
2206,AGONIST,0.64
2207,ANTAGONIST,0.4782608695652174
2208,AGONIST,0.7272727272727273
2209,AGONIST,0.6956521739130435
2210,AGONIST,0.7368421052631579
2211,AGONIST,0.625
2212,AGONIST,0.6875
2213,AGONIST,0.75
2214,AGONIST,0.7058823529411765
2215,AGONIST,0.8888888888888888
2216,AGONIST,0.8888888888888888
2217,AGONIST,0.6
2218,AGONIST,0.7142857142857143
2219,AGONIST,1.0
2220,AGONIST,0.8571428571428571
2221,AGONIST,1.0
2222,AGONIST,0.9
2223,AGONIST,0.5555555555555556
2224,ANTAGONIST,0.4
2225,AGONIST,0.6666666666666666
2226,AGONIST,0.875
2227,ANTAGONIST,0.42857142857142855
2228,ANTAGONIST,0.4444444444444444
2229,ANTAGONIST,0.4
2230,AGONIST,0.7142857142857143
2231,AGONIST,0.7777777777777778
2232,AGONIST,0.75
2233,AGONIST,1.0
2236,AGONIST,0.7692307692307693
2237,AGONIST,0.7619047619047619
2238,AGONIST,0.9285714285714286
2239,ANTAGONIST,0.25
2240,AGONIST,0.7142857142857143
2241,AGONIST,1.0
2242,AGONIST,0.7777777777777778
2243,AGONIST,0.9285714285714286
2244,AGONIST,0.6363636363636364
2245,AGONIST,0.6666666666666666
2246,AGONIST,1.0
2247,AGONIST,1.0
2248,AGONIST,0.6666666666666666
2249,AGONIST,0.8181818181818182
2250,AGONIST,0.6
2251,AGONIST,0.6666666666666666
2252,AGONIST,0.9285714285714286
2253,AGONIST,0.8571428571428571
2254,AGONIST,0.6363636363636364
2255,AGONIST,0.7222222222222222
2256,AGONIST,0.5652173913043478
2257,AGONIST,0.8333333333333334
2258,AGONIST,0.9473684210526315
2259,AGONIST,0.75
2260,AGONIST,0.8
2261,AGONIST,0.6666666666666666
2262,AGONIST,1.0
2263,AGONIST,1.0
2264,AGONIST,0.5555555555555556
2265,AGONIST,0.8461538461538461
2266,AGONIST,0.875
2267,AGONIST,0.6
2268,AGONIST,0.8333333333333334
2269,AGONIST,0.75
2270,AGONIST,0.7142857142857143
2271,AGONIST,0.8
2272,AGONIST,0.6666666666666666
2273,AGONIST,0.625
2274,AGONIST,0.6
2275,AGONIST,1.0
2276,AGONIST,0.5714285714285714
2277,AGONIST,0.8333333333333334
2278,ANTAGONIST,0.5
2279,AGONIST,1.0
2280,ANTAGONIST,0.375
2281,AGONIST,0.75
2282,AGONIST,0.8333333333333334
2283,AGONIST,1.0
2284,AGONIST,0.75
2285,ANTAGONIST,0.5
2286,AGONIST,0.6
2287,AGONIST,0.7857142857142857
2288,AGONIST,0.8235294117647058
2289,AGONIST,0.7142857142857143
2290,AGONIST,0.7142857142857143
2291,AGONIST,0.6666666666666666
2292,ANTAGONIST,0.42857142857142855
2293,ANTAGONIST,0.2
2294,AGONIST,0.75
2295,AGONIST,0.7647058823529411
2296,AGONIST,0.8571428571428571
2297,AGONIST,0.7222222222222222
2298,AGONIST,0.6153846153846154
2299,AGONIST,1.0
2300,ANTAGONIST,0.25
2301,ANTAGONIST,0.25
2302,AGONIST,1.0
2303,AGONIST,0.625
2304,AGONIST,0.6666666666666666
2305,ANTAGONIST,0.4
2306,AGONIST,1.0
2307,AGONIST,0.8888888888888888
2308,AGONIST,0.6
2309,AGONIST,0.75
2310,ANTAGONIST,0.5
2311,ANTAGONIST,0.5
2312,ANTAGONIST,0.42857142857142855
2313,ANTAGONIST,0.25
2314,ANTAGONIST,0.42857142857142855
2315,AGONIST,0.875
2316,AGONIST,1.0
2317,AGONIST,0.6
2318,AGONIST,0.7272727272727273
2319,AGONIST,0.6666666666666666
2320,AGONIST,0.875
2321,AGONIST,1.0
2322,AGONIST,0.75
2323,AGONIST,0.5789473684210527
2324,ANTAGONIST,0.5
2325,AGONIST,0.6
2326,AGONIST,0.8666666666666667
2327,AGONIST,0.8235294117647058
2328,AGONIST,0.6666666666666666
2329,AGONIST,1.0
2330,ANTAGONIST,0.25
2331,AGONIST,0.875
2332,AGONIST,0.6666666666666666
2333,AGONIST,0.8333333333333334
2334,AGONIST,0.8333333333333334
2335,AGONIST,0.7
2336,AGONIST,0.8333333333333334
2337,AGONIST,1.0
2338,ANTAGONIST,0.3333333333333333
2339,ANTAGONIST,0.3333333333333333
2340,ANTAGONIST,0.3333333333333333
2341,AGONIST,0.6
2342,AGONIST,0.6875
2343,AGONIST,0.6
2344,AGONIST,0.8125
2345,ANTAGONIST,0.26666666666666666
2346,AGONIST,0.7222222222222222
2347,AGONIST,0.75
2348,AGONIST,0.8333333333333334
2349,AGONIST,1.0
2350,AGONIST,0.6842105263157895
2351,AGONIST,0.8666666666666667
2352,AGONIST,0.5714285714285714
2353,AGONIST,1.0
2354,AGONIST,0.7272727272727273
2355,ANTAGONIST,0.42857142857142855
2356,ANTAGONIST,0.375
2357,AGONIST,0.8
2358,ANTAGONIST,0.5
2359,AGONIST,0.8571428571428571
2360,AGONIST,1.0
2361,AGONIST,0.6153846153846154
2362,AGONIST,0.5882352941176471
2363,AGONIST,0.6470588235294118
2364,AGONIST,0.7142857142857143
2365,ANTAGONIST,0.3333333333333333
2366,ANTAGONIST,0.5
2367,AGONIST,0.8888888888888888
2368,ANTAGONIST,0.5
2369,ANTAGONIST,0.42857142857142855
2370,AGONIST,0.7142857142857143
2371,AGONIST,0.6666666666666666
2372,ANTAGONIST,0.1111111111111111
2373,AGONIST,0.8
2374,AGONIST,0.8333333333333334
2375,AGONIST,0.7142857142857143
2376,ANTAGONIST,0.2857142857142857
2377,ANTAGONIST,0.16666666666666666
2378,AGONIST,0.75
2379,ANTAGONIST,0.4
2380,AGONIST,0.5652173913043478
2381,AGONIST,0.9230769230769231
2382,ANTAGONIST,0.5
2383,ANTAGONIST,0.2222222222222222
2384,AGONIST,0.8888888888888888
2385,AGONIST,0.6666666666666666
2386,AGONIST,0.75
2387,AGONIST,1.0
2388,ANTAGONIST,0.5
2389,AGONIST,0.8
2390,AGONIST,0.6875
2391,AGONIST,0.6923076923076923
2392,AGONIST,0.6111111111111112
2393,AGONIST,0.8333333333333334
2394,AGONIST,0.7894736842105263
2395,AGONIST,0.8
2396,AGONIST,0.8421052631578947
2397,AGONIST,0.6190476190476191
2398,AGONIST,0.6956521739130435
2399,AGONIST,0.7647058823529411
2400,AGONIST,0.8571428571428571
2401,AGONIST,0.7777777777777778
2402,AGONIST,0.6
2403,AGONIST,0.625
2404,AGONIST,0.5454545454545454
2405,AGONIST,0.6428571428571429
2406,AGONIST,0.6875
2407,AGONIST,0.9444444444444444
2408,AGONIST,1.0
2409,AGONIST,0.9444444444444444
2410,AGONIST,0.9411764705882353
2411,AGONIST,0.6428571428571429
2412,AGONIST,0.9285714285714286
2413,AGONIST,0.6875
2414,AGONIST,0.8333333333333334
2415,AGONIST,0.9411764705882353
2416,AGONIST,0.8333333333333334
2417,AGONIST,0.8235294117647058
2418,AGONIST,0.8181818181818182
2419,AGONIST,0.6666666666666666
2420,ANTAGONIST,0.45454545454545453
2421,AGONIST,0.75
2422,AGONIST,0.8333333333333334
2423,AGONIST,0.7272727272727273
2424,AGONIST,1.0
2425,AGONIST,0.75
2426,AGONIST,0.9090909090909091
2427,AGONIST,0.8461538461538461
2428,AGONIST,0.6190476190476191
2429,AGONIST,0.7333333333333333
2430,AGONIST,0.75
2431,AGONIST,0.9047619047619048
2432,AGONIST,0.9230769230769231
2433,AGONIST,0.9411764705882353
2434,AGONIST,0.9285714285714286
2435,AGONIST,1.0
2436,AGONIST,0.9444444444444444
2437,AGONIST,1.0
2438,AGONIST,0.9375
2439,AGONIST,0.9166666666666666
2440,AGONIST,0.9545454545454546
2441,AGONIST,0.7777777777777778
2442,AGONIST,1.0
2443,AGONIST,0.9166666666666666
2444,AGONIST,0.8421052631578947
2445,AGONIST,0.7894736842105263
2446,AGONIST,0.6666666666666666
2447,AGONIST,0.9166666666666666
2448,AGONIST,0.9090909090909091
2449,AGONIST,0.8695652173913043
2450,AGONIST,0.8947368421052632
2451,AGONIST,1.0
2452,AGONIST,0.875
2453,AGONIST,0.6666666666666666
2454,AGONIST,0.8125
2455,AGONIST,0.875
2456,AGONIST,1.0
2457,AGONIST,1.0
2458,AGONIST,1.0
2459,AGONIST,0.7647058823529411
2460,AGONIST,0.7142857142857143
2461,AGONIST,1.0
2462,AGONIST,0.8
2463,AGONIST,0.6842105263157895
2464,AGONIST,0.6842105263157895
2465,AGONIST,0.7647058823529411
2466,AGONIST,0.9375
2467,AGONIST,0.9090909090909091
2468,AGONIST,0.7333333333333333
2469,AGONIST,0.6666666666666666
2470,AGONIST,0.5714285714285714
2471,AGONIST,0.8947368421052632
2472,AGONIST,0.6363636363636364
2473,AGONIST,0.8235294117647058
2474,AGONIST,0.8125
2475,AGONIST,0.8125
2476,AGONIST,0.6666666666666666
2477,AGONIST,0.7857142857142857
2478,AGONIST,0.5555555555555556
2479,ANTAGONIST,0.5
2480,ANTAGONIST,0.5
2481,ANTAGONIST,0.2857142857142857
2482,ANTAGONIST,0.5
2483,ANTAGONIST,0.46153846153846156
2484,AGONIST,0.5333333333333333
2485,ANTAGONIST,0.09090909090909091
2486,ANTAGONIST,0.3333333333333333
2487,AGONIST,0.6111111111111112
2488,ANTAGONIST,0.3333333333333333
2489,ANTAGONIST,0.2
2490,ANTAGONIST,0.3125
2491,ANTAGONIST,0.13333333333333333
2492,ANTAGONIST,0.5
2493,ANTAGONIST,0.2857142857142857
2494,ANTAGONIST,0.3076923076923077
2495,ANTAGONIST,0.25
2496,ANTAGONIST,0.2727272727272727
2497,ANTAGONIST,0.2857142857142857
2498,ANTAGONIST,0.08333333333333333
2499,ANTAGONIST,0.23529411764705882
2500,ANTAGONIST,0.18181818181818182
2501,ANTAGONIST,0.125
2502,AGONIST,0.8461538461538461
2503,AGONIST,0.7647058823529411
2504,AGONIST,0.7619047619047619
2505,AGONIST,0.8636363636363636
2506,AGONIST,0.65
2507,AGONIST,0.75
2509,AGONIST,1.0
2510,AGONIST,0.8
2511,AGONIST,0.8235294117647058
2512,ANTAGONIST,0.4666666666666667
2513,AGONIST,0.875
2514,AGONIST,0.8461538461538461
2515,ANTAGONIST,0.07692307692307693
2516,ANTAGONIST,0.07142857142857142
2517,ANTAGONIST,0.0
2518,ANTAGONIST,0.3333333333333333
2519,ANTAGONIST,0.1111111111111111
2520,ANTAGONIST,0.09090909090909091
2521,ANTAGONIST,0.0
2522,ANTAGONIST,0.0
2523,ANTAGONIST,0.0
2524,ANTAGONIST,0.0
2525,ANTAGONIST,0.0
2526,ANTAGONIST,0.0
2527,ANTAGONIST,0.0
2528,ANTAGONIST,0.0
2529,ANTAGONIST,0.0
2530,ANTAGONIST,0.36363636363636365
2531,ANTAGONIST,0.0
2532,ANTAGONIST,0.0
2533,ANTAGONIST,0.0
2534,ANTAGONIST,0.0
2535,ANTAGONIST,0.2727272727272727
2536,ANTAGONIST,0.2
2537,ANTAGONIST,0.125
2538,ANTAGONIST,0.0
2539,ANTAGONIST,0.25
2540,ANTAGONIST,0.18181818181818182
2541,ANTAGONIST,0.0
2542,ANTAGONIST,0.1111111111111111
2543,ANTAGONIST,0.0
2544,ANTAGONIST,0.0
2545,ANTAGONIST,0.09090909090909091
2546,ANTAGONIST,0.0
2547,ANTAGONIST,0.0
2548,ANTAGONIST,0.0
2549,ANTAGONIST,0.0
2550,ANTAGONIST,0.0
2551,ANTAGONIST,0.1111111111111111
2552,ANTAGONIST,0.0
2553,ANTAGONIST,0.0
2554,ANTAGONIST,0.0
2555,ANTAGONIST,0.25
2556,ANTAGONIST,0.0
2557,ANTAGONIST,0.0
2558,ANTAGONIST,0.07692307692307693
2559,ANTAGONIST,0.2727272727272727
2560,AGONIST,0.6363636363636364
2561,AGONIST,0.8333333333333334
2562,AGONIST,0.6
2563,ANTAGONIST,0.5
2564,AGONIST,0.7142857142857143
2565,AGONIST,0.8
2566,AGONIST,0.8333333333333334
2567,AGONIST,0.8181818181818182
2568,AGONIST,0.6
2569,AGONIST,0.8888888888888888
2570,AGONIST,1.0
2571,AGONIST,0.75
2572,AGONIST,0.6666666666666666
2573,AGONIST,0.6
2574,AGONIST,0.5833333333333334
2575,AGONIST,0.6153846153846154
2576,AGONIST,0.8571428571428571
2577,ANTAGONIST,0.45454545454545453
2578,AGONIST,0.6363636363636364
2579,ANTAGONIST,0.4
2580,AGONIST,0.6666666666666666
2581,AGONIST,0.8
2582,AGONIST,0.8095238095238095
2583,AGONIST,0.6818181818181818
2584,AGONIST,0.7142857142857143
2585,ANTAGONIST,0.5
2586,AGONIST,0.6
2587,AGONIST,0.8
2588,AGONIST,0.8888888888888888
2589,AGONIST,1.0
2590,AGONIST,1.0
2591,AGONIST,0.8571428571428571
2592,AGONIST,0.875
2593,AGONIST,0.6666666666666666
2594,AGONIST,0.6363636363636364
2595,AGONIST,0.7
2596,AGONIST,1.0
2597,AGONIST,0.6666666666666666
2598,AGONIST,1.0
2599,AGONIST,0.8636363636363636
2600,AGONIST,0.7333333333333333
2601,AGONIST,0.8181818181818182
2602,AGONIST,0.75
2603,AGONIST,0.7777777777777778
2604,AGONIST,0.8333333333333334
2605,AGONIST,0.6875
2606,AGONIST,0.8947368421052632
2607,AGONIST,0.8947368421052632
2608,AGONIST,0.8571428571428571
2609,AGONIST,0.8235294117647058
2610,AGONIST,0.8823529411764706
2611,AGONIST,0.8823529411764706
2612,AGONIST,0.7857142857142857
2613,AGONIST,0.7894736842105263
2614,AGONIST,0.9333333333333333
2615,AGONIST,0.9375
2617,AGONIST,0.75
2618,AGONIST,0.8333333333333334
2619,AGONIST,0.8125
2620,AGONIST,0.8
2621,AGONIST,0.9230769230769231
2622,AGONIST,0.8333333333333334
2623,AGONIST,1.0
2624,AGONIST,0.8888888888888888
2625,AGONIST,0.9090909090909091
2626,AGONIST,0.875
2627,AGONIST,0.8333333333333334
2628,AGONIST,0.8666666666666667
2629,AGONIST,0.9090909090909091
2630,AGONIST,0.75
2631,AGONIST,0.7647058823529411
2632,AGONIST,1.0
2633,AGONIST,0.7727272727272727
2634,AGONIST,0.7333333333333333
2635,AGONIST,0.8181818181818182
2636,AGONIST,0.875
2637,AGONIST,0.5555555555555556
2638,AGONIST,0.6111111111111112
2639,AGONIST,0.6923076923076923
2640,AGONIST,0.8666666666666667
2641,AGONIST,0.8571428571428571
2642,AGONIST,0.7368421052631579
2643,AGONIST,0.875
2644,AGONIST,0.7857142857142857
2645,AGONIST,0.7142857142857143
2646,AGONIST,0.9333333333333333
2647,AGONIST,1.0
2665,AGONIST,0.92
2666,AGONIST,0.9545454545454546
2667,AGONIST,1.0
2670,AGONIST,0.9166666666666666
2671,AGONIST,0.8235294117647058
2672,AGONIST,0.625
2674,AGONIST,0.7142857142857143
2675,AGONIST,0.8888888888888888
2676,AGONIST,1.0
2677,AGONIST,1.0
2678,AGONIST,1.0
2679,AGONIST,0.8333333333333334
2680,AGONIST,1.0
2681,AGONIST,1.0
2682,AGONIST,0.8571428571428571
2683,AGONIST,0.8461538461538461
